"cena","count","percentage"
,1,0.00654835963591120424
Cena izmedju 50000 i 99999,4532,29.6771658699495776
Cena izmedju 100000 i 149999,3105,20.3326566695042892
Najmanja cena,2027,13.2735249819920110
Cena izmedju 150000 i 199999,1935,12.6710758954881802
Cena veca od 200000,3671,24.0390282234300308
