"city","sales","rent","proc"
Kragujevac,682,50,93.16939890710382513700
Novi Sad,1965,459,81.06435643564356435600
Beograd,8786,5601,61.06902064363661639000
Nis,1158,434,72.73869346733668341700
Jagodina,539,2,99.63031423290203327200
